a,b,c,min,max,mean
580,250,462,250,580,430.6666666666667
325,950,740,325,950,671.6666666666666
215,546,730,215,730,497
